<?xml version="1.0" encoding="UTF-8"?><?xml-stylesheet type='text/xsl' href='_UpgradeReport_Files/UpgradeReport.xslt'?><UpgradeLog>
<Properties><Property Name="Solution" Value="HotGridView">
</Property><Property Name="Solution File" Value="C:\Users\james.b.evans\Documents\Visual Studio 2008\Projects\mdua\CustomControls\HotGridView.sln">
</Property><Property Name="Date" Value="Thursday, March 22, 2012">
</Property><Property Name="Time" Value="14:26:36 PM">
</Property></Properties><Event ErrorLevel="0" Project="HotGridView" Source="HotGridView.csproj" Description="Project file successfully backed up as C:\Users\james.b.evans\Documents\Visual Studio 2008\Projects\mdua\CustomControls\Backup\HotGridView.csproj">
</Event><Event ErrorLevel="0" Project="HotGridView" Source="HotGridView.cs" Description="File successfully backed up as C:\Users\james.b.evans\Documents\Visual Studio 2008\Projects\mdua\CustomControls\Backup\HotGridView.cs">
</Event><Event ErrorLevel="0" Project="HotGridView" Source="HotGridView.Helpers.cs" Description="File successfully backed up as C:\Users\james.b.evans\Documents\Visual Studio 2008\Projects\mdua\CustomControls\Backup\HotGridView.Helpers.cs">
</Event><Event ErrorLevel="0" Project="HotGridView" Source="InputCheckBoxField.cs" Description="File successfully backed up as C:\Users\james.b.evans\Documents\Visual Studio 2008\Projects\mdua\CustomControls\Backup\InputCheckBoxField.cs">
</Event><Event ErrorLevel="0" Project="HotGridView" Source="Properties\AssemblyInfo.cs" Description="File successfully backed up as C:\Users\james.b.evans\Documents\Visual Studio 2008\Projects\mdua\CustomControls\Backup\Properties\AssemblyInfo.cs">
</Event><Event ErrorLevel="0" Project="HotGridView" Source="HotGridView.js" Description="File successfully backed up as C:\Users\james.b.evans\Documents\Visual Studio 2008\Projects\mdua\CustomControls\Backup\HotGridView.js">
</Event><Event ErrorLevel="0" Project="HotGridView" Source="HotGridView.csproj" Description="Project converted successfully">
</Event><Event ErrorLevel="3" Project="HotGridView" Source="HotGridView.csproj" Description="Converted">
</Event><Event ErrorLevel="0" Project="HotGridView" Source="HotGridView.csproj" Description="Scan complete: Upgrade not required for project files.">
</Event></UpgradeLog>